Workbook
Name Months: 'Lists'!$A$1:$A$12
Name Years: 'Lists'!$B$1:$B$10
Name Chains: 'Lists'!$C$1:$C$3
Name Categories: 'Lists'!$D$1:$D$4
Name AchievementTargets: 'Lists'!$E$1:$E$2
Name Levels: 'Lists'!$F$1:$F$5
Name Frequencies: 'Lists'!$G$1:$G$5
Name Departments: 'Lists'!$N$1:$N$6
Name Activities: 'Lists'!$M$1:$M$5
Name Regions: 'Lists'!$I$2:$I$6
Name States: 'Lists'!$J$2:$J$6
Name Divisions: 'Lists'!$K$2:$K$6
Name Pincodes: 'Lists'!$L$2:$L$6

Sheet Instructions
A1: Reporting & Analise Dashboard — Excel Setup
A3: 1 | B3: Row Data (12 Deeni) | C3: Enter one row per Month + District + Activity. District is the base grain.
A4: 2 | B4: Targets | C4: L = 52% target value; M = 26% target value. N selects which target is used for Achievement.
A5: 3 | B5: Achievement | C5: N calculates Report ÷ selected target. Format is percentage.
A6: 4 | B6: Dashboard | C6: Use filters at the top. For a production model, replace the sample Lists with your complete Region/State/Division/District master.
A7: 5 | B7: Comparison | C7: The web dashboard supplied in the ZIP performs true period comparisons, averages, quarter comparisons and rankings. The Excel file is a formula-ready template.
A8: 6 | B8: Google Sheets | C8: The supplied web app can read/write the same structure through Google Apps Script API.

Sheet Row Data (12 Deeni)
A1: Month | B1: Year | C1: Chain | D1: Region | E1: State | F1: Division | G1: Distric | H1: Pincode | I1: Category | J1: Deeni Activities | K1: Report | L1: Target 52% | M1: Target 26% | N1: Achivement | O1: Month Name 1 | P1: Month Name 2 | Q1: Comparision Report (Dashboard calculates period comparison)
N2: =IF(OR(K2="",N2=""),"",IF(N2="52%",IFERROR(K2/L2,0),IFERROR(K2/M2,0))) | O2: =IF(A2="","",A2&"-"&B2) | P2: =IF(A2="","",A2&"-"&B2) | Q2: =IF(OR(O2="",P2=""),"",IFERROR((N2-N2)*100,0))
N3: =IF(OR(K3="",N3=""),"",IF(N3="52%",IFERROR(K3/L3,0),IFERROR(K3/M3,0))) | O3: =IF(A3="","",A3&"-"&B3) | P3: =IF(A3="","",A3&"-"&B3) | Q3: =IF(OR(O3="",P3=""),"",IFERROR((N3-N3)*100,0))
N4: =IF(OR(K4="",N4=""),"",IF(N4="52%",IFERROR(K4/L4,0),IFERROR(K4/M4,0))) | O4: =IF(A4="","",A4&"-"&B4) | P4: =IF(A4="","",A4&"-"&B4) | Q4: =IF(OR(O4="",P4=""),"",IFERROR((N4-N4)*100,0))
N5: =IF(OR(K5="",N5=""),"",IF(N5="52%",IFERROR(K5/L5,0),IFERROR(K5/M5,0))) | O5: =IF(A5="","",A5&"-"&B5) | P5: =IF(A5="","",A5&"-"&B5) | Q5: =IF(OR(O5="",P5=""),"",IFERROR((N5-N5)*100,0))
N6: =IF(OR(K6="",N6=""),"",IF(N6="52%",IFERROR(K6/L6,0),IFERROR(K6/M6,0))) | O6: =IF(A6="","",A6&"-"&B6) | P6: =IF(A6="","",A6&"-"&B6) | Q6: =IF(OR(O6="",P6=""),"",IFERROR((N6-N6)*100,0))
N7: =IF(OR(K7="",N7=""),"",IF(N7="52%",IFERROR(K7/L7,0),IFERROR(K7/M7,0))) | O7: =IF(A7="","",A7&"-"&B7) | P7: =IF(A7="","",A7&"-"&B7) | Q7: =IF(OR(O7="",P7=""),"",IFERROR((N7-N7)*100,0))
N8: =IF(OR(K8="",N8=""),"",IF(N8="52%",IFERROR(K8/L8,0),IFERROR(K8/M8,0))) | O8: =IF(A8="","",A8&"-"&B8) | P8: =IF(A8="","",A8&"-"&B8) | Q8: =IF(OR(O8="",P8=""),"",IFERROR((N8-N8)*100,0))
N9: =IF(OR(K9="",N9=""),"",IF(N9="52%",IFERROR(K9/L9,0),IFERROR(K9/M9,0))) | O9: =IF(A9="","",A9&"-"&B9) | P9: =IF(A9="","",A9&"-"&B9) | Q9: =IF(OR(O9="",P9=""),"",IFERROR((N9-N9)*100,0))
N10: =IF(OR(K10="",N10=""),"",IF(N10="52%",IFERROR(K10/L10,0),IFERROR(K10/M10,0))) | O10: =IF(A10="","",A10&"-"&B10) | P10: =IF(A10="","",A10&"-"&B10) | Q10: =IF(OR(O10="",P10=""),"",IFERROR((N10-N10)*100,0))
N11: =IF(OR(K11="",N11=""),"",IF(N11="52%",IFERROR(K11/L11,0),IFERROR(K11/M11,0))) | O11: =IF(A11="","",A11&"-"&B11) | P11: =IF(A11="","",A11&"-"&B11) | Q11: =IF(OR(O11="",P11=""),"",IFERROR((N11-N11)*100,0))
N12: =IF(OR(K12="",N12=""),"",IF(N12="52%",IFERROR(K12/L12,0),IFERROR(K12/M12,0))) | O12: =IF(A12="","",A12&"-"&B12) | P12: =IF(A12="","",A12&"-"&B12) | Q12: =IF(OR(O12="",P12=""),"",IFERROR((N12-N12)*100,0))
N13: =IF(OR(K13="",N13=""),"",IF(N13="52%",IFERROR(K13/L13,0),IFERROR(K13/M13,0))) | O13: =IF(A13="","",A13&"-"&B13) | P13: =IF(A13="","",A13&"-"&B13) | Q13: =IF(OR(O13="",P13=""),"",IFERROR((N13-N13)*100,0))
... N5000: =IF(OR(K5000="",N5000=""),"",IF(N5000="52%",IFERROR(K5000/L5000,0),IFERROR(K5000/M5000,0))) | O5000: =IF(A5000="","",A5000&"-"&B5000) | P5000: =IF(A5000="","",A5000&"-"&B5000) | Q5000: =IF(OR(O5000="",P5000=""),"",IFERROR((N5000-N5000)*100,0))

Sheet Analise Report (Dashboard)
A1: REPORTING & ANALISE DASHBOARD
A2: Excel template — use Row Data sheets as the data source. Dashboard cells are designed for Excel 365.
A4: Chain | B4: 12 Deeni Kaam | D4: Month | E4: Jan
A5: Level | B5: Country | D5: Year | E5: 2026
A6: Region | B6: All | D6: Quarter | E6: Q1
A7: State | B7: All | D7: Target | E7: 52%
A8: Division | B8: All | D8: Compare Month | E8: Feb
A9: District | B9: All | D9: Compare Year | E9: 2026
A12: Total Report | C12: Target | E12: Achievement | G12: Comparison
A13: =SUM('Row Data (12 Deeni)'!K2:K5000) | B13: =SUM('Row Data (12 Deeni)'!K2:K5000) | C13: =IF($E$7="52%",SUM('Row Data (12 Deeni)'!L2:L5000),SUM('Row Data (12 Deeni)'!M2:M5000)) | D13: =IF($E$7="52%",SUM('Row Data (12 Deeni)'!L2:L5000),SUM('Row Data (12 Deeni)'!M2:M5000)) | E13: =IFERROR(B13/D13,0) | F13: =IFERROR(B13/D13,0) | G13: =IFERROR(F13-B13,0) | H13: =0
A16: Activity | B16: Report | C16: Target | D16: Achievement | F16: Comparison & Ranking
A17: Activity 1 | B17: =SUMIF('Row Data (12 Deeni)'!J:J,A17,'Row Data (12 Deeni)'!K:K) | C17: =IF($E$7="52%",SUMIF('Row Data (12 Deeni)'!J:J,A17,'Row Data (12 Deeni)'!L:L),SUMIF('Row Data (12 Deeni)'!J:J,A17,'Row Data (12 Deeni)'!M:M)) | D17: =IFERROR(B17/C17,0) | F17: Month-to-Month: compare selected Month/Year with Compare Month/Year.
A18: Activity 2 | B18: =SUMIF('Row Data (12 Deeni)'!J:J,A18,'Row Data (12 Deeni)'!K:K) | C18: =IF($E$7="52%",SUMIF('Row Data (12 Deeni)'!J:J,A18,'Row Data (12 Deeni)'!L:L),SUMIF('Row Data (12 Deeni)'!J:J,A18,'Row Data (12 Deeni)'!M:M)) | D18: =IFERROR(B18/C18,0) | F18: Average-to-Month: use AVERAGEIFS over historical months.
A19: Activity 3 | B19: =SUMIF('Row Data (12 Deeni)'!J:J,A19,'Row Data (12 Deeni)'!K:K) | C19: =IF($E$7="52%",SUMIF('Row Data (12 Deeni)'!J:J,A19,'Row Data (12 Deeni)'!L:L),SUMIF('Row Data (12 Deeni)'!J:J,A19,'Row Data (12 Deeni)'!M:M)) | D19: =IFERROR(B19/C19,0) | F19: Quarter-to-Quarter: compare Q1/Q2/Q3/Q4 totals.
A20: Activity 4 | B20: =SUMIF('Row Data (12 Deeni)'!J:J,A20,'Row Data (12 Deeni)'!K:K) | C20: =IF($E$7="52%",SUMIF('Row Data (12 Deeni)'!J:J,A20,'Row Data (12 Deeni)'!L:L),SUMIF('Row Data (12 Deeni)'!J:J,A20,'Row Data (12 Deeni)'!M:M)) | D20: =IFERROR(B20/C20,0) | F20: Ranking: use SORTBY/FILTER/TAKE in Excel 365.
A21: Activity 5 | B21: =SUMIF('Row Data (12 Deeni)'!J:J,A21,'Row Data (12 Deeni)'!K:K) | C21: =IF($E$7="52%",SUMIF('Row Data (12 Deeni)'!J:J,A21,'Row Data (12 Deeni)'!L:L),SUMIF('Row Data (12 Deeni)'!J:J,A21,'Row Data (12 Deeni)'!M:M)) | D21: =IFERROR(B21/C21,0) | F21: Base grain is District; higher levels should aggregate all districts underneath.

Sheet Row Data (Department)
A1: Month | B1: Year | C1: Department | D1: Frequency | E1: Region | F1: State | G1: Division | H1: Distric | I1: Pincode | J1: Activity / Work | K1: Report | L1: Target | M1: Achievement | N1: Month-Year | O1: Compare Month-Year | P1: Comparison
M2: =IFERROR(K2/L2,0) | N2: =IF(A2="","",A2&"-"&B2) | O2: =IF(A2="","",A2&"-"&B2) | P2: =0
M3: =IFERROR(K3/L3,0) | N3: =IF(A3="","",A3&"-"&B3) | O3: =IF(A3="","",A3&"-"&B3) | P3: =0
M4: =IFERROR(K4/L4,0) | N4: =IF(A4="","",A4&"-"&B4) | O4: =IF(A4="","",A4&"-"&B4) | P4: =0
M5: =IFERROR(K5/L5,0) | N5: =IF(A5="","",A5&"-"&B5) | O5: =IF(A5="","",A5&"-"&B5) | P5: =0
M6: =IFERROR(K6/L6,0) | N6: =IF(A6="","",A6&"-"&B6) | O6: =IF(A6="","",A6&"-"&B6) | P6: =0
M7: =IFERROR(K7/L7,0) | N7: =IF(A7="","",A7&"-"&B7) | O7: =IF(A7="","",A7&"-"&B7) | P7: =0
M8: =IFERROR(K8/L8,0) | N8: =IF(A8="","",A8&"-"&B8) | O8: =IF(A8="","",A8&"-"&B8) | P8: =0
M9: =IFERROR(K9/L9,0) | N9: =IF(A9="","",A9&"-"&B9) | O9: =IF(A9="","",A9&"-"&B9) | P9: =0
M10: =IFERROR(K10/L10,0) | N10: =IF(A10="","",A10&"-"&B10) | O10: =IF(A10="","",A10&"-"&B10) | P10: =0
M11: =IFERROR(K11/L11,0) | N11: =IF(A11="","",A11&"-"&B11) | O11: =IF(A11="","",A11&"-"&B11) | P11: =0
M12: =IFERROR(K12/L12,0) | N12: =IF(A12="","",A12&"-"&B12) | O12: =IF(A12="","",A12&"-"&B12) | P12: =0
M13: =IFERROR(K13/L13,0) | N13: =IF(A13="","",A13&"-"&B13) | O13: =IF(A13="","",A13&"-"&B13) | P13: =0
... M3000: =IFERROR(K3000/L3000,0) | N3000: =IF(A3000="","",A3000&"-"&B3000) | O3000: =IF(A3000="","",A3000&"-"&B3000) | P3000: =0

Sheet Lists
A1: Jan | B1: 2022 | C1: 12 Deeni Kaam | D1: Basic | E1: 52% | F1: Country | G1: Tablighi | I1: Region | J1: State | K1: Division | L1: Pincode | M1: Deeni Activities | N1: Departments
A2: Feb | B2: 2023 | C2: Department | D2: Daily | E2: 26% | F2: Region | G2: Idarati | I2: Ajmer Region | J2: Rajasthan | K2: Bhilwara | L2: 311001 | M2: Activity 2 | N2: Accounts
A3: Mar | B3: 2024 | C3: Central | D3: Monthly | F3: State | G3: Tanzimi | I3: Delhi Region | J3: Delhi | K3: Central Delhi | L3: 110001 | M3: Activity 3 | N3: HR
A4: Apr | B4: 2025 | D4: Weekly | F4: Division | G4: Profession | I4: Mumbai Region | J4: Maharashtra | K4: Mumbai | L4: 400001 | M4: Activity 4 | N4: Admin
A5: May | B5: 2026 | F5: District | G5: Other | I5: Mumbai Region | J5: Maharashtra | K5: Pune | L5: 411001 | M5: Activity 5 | N5: Reporting
A6: Jun | B6: 2027 | N6: Operations
A7: Jul | B7: 2028
A8: Aug | B8: 2029
A9: Sep | B9: 2030
A10: Oct
A11: Nov
A12: Dec
